123456789,Camila,Prada,19,camilaprada@gmail.com,Femenino,Manizales,Colombia
1007235021,Cristian,Salazar,25,cristianc.salazara@autonoma.edu.co,Masculino,Manizales,Colombia
123456789,Camila,Prada,19,camilaprada@gmail.com,Femenino,Manizales,Colombia
1007235021,Cristian,Salazar,25,cristianc.salazara@autonoma.edu.co,Masculino,Manizales,Colombia
1054863872,25/01/2026,ATGTTGC
123456789,Camila,Prada,19,camilaprada@gmail.com,Femenino,Manizales,Colombia
1007235021,Cristian,Salazar,25,cristianc.salazara@autonoma.edu.co,Masculino,Manizales,Colombia
123456789,Camila,Prada,19,camilaprada@gmail.com,Femenino,Manizales,Colombia
1007235021,Cristian,Salazar,25,cristianc.salazara@autonoma.edu.co,Masculino,Manizales,Colombia
123456789,Camila,Prada,19,camilaprada@gmail.com,Femenino,Manizales,Colombia
1007235021,Cristian,Salazar,25,cristianc.salazara@autonoma.edu.co,Masculino,Manizales,Colombia
123456789,Camila,Prada,19,camilaprada@gmail.com,Femenino,Manizales,Colombia
1007235021,Cristian,Salazar,25,cristianc.salazara@autonoma.edu.co,Masculino,Manizales,Colombia
123456789,Camila,Prada,19,camilaprada@gmail.com,Femenino,Manizales,Colombia
1007235021,Cristian,Salazar,25,cristianc.salazara@autonoma.edu.co,Masculino,Manizales,Colombia
123456789,Camila,Prada,19,camilaprada@gmail.com,Femenino,Manizales,Colombia
1007235021,Cristian,Salazar,25,cristianc.salazara@autonoma.edu.co,Masculino,Manizales,Colombia
123456789,Camila,Prada,19,camilaprada@gmail.com,Femenino,Manizales,Colombia
1007235021,Cristian,Salazar,25,cristianc.salazara@autonoma.edu.co,Masculino,Manizales,Colombia
123456789,Camila,Prada,19,camilaprada@gmail.com,Femenino,Manizales,Colombia
1007235021,Cristian,Salazar,25,cristianc.salazara@autonoma.edu.co,Masculino,Manizales,Colombia
123456789,Camila,Prada,19,camilaprada@gmail.com,Femenino,Manizales,Colombia
1007235021,Cristian,Salazar,25,cristianc.salazara@autonoma.edu.co,Masculino,Manizales,Colombia
123456789,Camila,Prada,19,camilaprada@gmail.com,Femenino,Manizales,Colombia
1007235021,Cristian,Salazar,25,cristianc.salazara@autonoma.edu.co,Masculino,Manizales,Colombia
123456789,Camila,Prada,19,camilaprada@gmail.com,Femenino,Manizales,Colombia
1007235021,Cristian,Salazar,25,cristianc.salazara@autonoma.edu.co,Masculino,Manizales,Colombia
123456789,Camila,Prada,19,camilaprada@gmail.com,Femenino,Manizales,Colombia
1007235021,Cristian,Salazar,25,cristianc.salazara@autonoma.edu.co,Masculino,Manizales,Colombia
123456789,Camila,Prada,19,camilaprada@gmail.com,Femenino,Manizales,Colombia
1007235021,Cristian,Salazar,25,cristianc.salazara@autonoma.edu.co,Masculino,Manizales,Colombia
123,Juan,Perez,25,correo@mail.com,Masculino,Bogota,Colombia
